{"Blackstaff":[[-5.98809,54.57829],[-5.98875,54.5773],[-5.98887,54.57637],[-5.98805,54.57595],[-5.98797,54.57571],[-5.98786,54.57521],[-5.98786,54.5749],[-5.98821,54.57388],[-5.98814,54.57375],[-5.98791,54.57339],[-5.9879,54.57309],[-5.9877,54.57289],[-5.9873,54.57244],[-5.98668,54.57196],[-5.98616,54.57162],[-5.98579,54.57147],[-5.98522,54.57104],[-5.98468,54.57064],[-5.98465,54.57062],[-5.9845,54.5706],[-5.9843,54.57065],[-5.98415,54.57067],[-5.98403,54.57066],[-5.98392,54.57061],[-5.98383,54.57052],[-5.98373,54.57044],[-5.98336,54.5701],[-5.98271,54.56968],[-5.98248,54.56963],[-5.98238,54.56962],[-5.98214,54.56961],[-5.98188,54.56963],[-5.98089,54.57001],[-5.98047,54.57015],[-5.97963,54.57044],[-5.97877,54.57121],[-5.97828,54.57157],[-5.97807,54.57206],[-5.97788,54.57235],[-5.97777,54.57252],[-5.97732,54.57275],[-5.97732,54.5728],[-5.9772,54.57297],[-5.97719,54.57298],[-5.97707,54.57304],[-5.97692,54.57312],[-5.97691,54.57312],[-5.97685,54.57314],[-5.97657,54.57324],[-5.97634,54.57334],[-5.97587,54.57361],[-5.9757,54.5736],[-5.97545,54.5736],[-5.97472,54.57336],[-5.97449,54.57354],[-5.97436,54.57359],[-5.97431,54.5738],[-5.97399,54.57387],[-5.97371,54.57389],[-5.97363,54.57394],[-5.97348,54.57399],[-5.97329,54.57391],[-5.97294,54.57398],[-5.9727,54.57391],[-5.9723,54.57389],[-5.97197,54.57383],[-5.97171,54.57375],[-5.97156,54.57383],[-5.97148,54.57382],[-5.97135,54.57371],[-5.97107,54.57359],[-5.97056,54.57355],[-5.96886,54.57396],[-5.96787,54.57441],[-5.9669,54.57503],[-5.96614,54.57563],[-5.96544,54.57636],[-5.96494,54.57702],[-5.96475,54.57729],[-5.96434,54.57799],[-5.96389,54.57894],[-5.96316,54.58082],[-5.96296,54.58134],[-5.96209,54.58321],[-5.96057,54.58606],[-5.96021,54.5867],[-5.96014,54.58683],[-5.96008,54.58695],[-5.958,54.588],[-5.956,54.5895],[-5.954,54.591],[-5.951,54.5925],[-5.947,54.5935],[-5.943,54.594],[-5.938,54.5945],[-5.933,54.595],[-5.93,54.596]],"Farset":[[-5.95714,54.60735],[-5.95726,54.60726],[-5.95732,54.60721],[-5.95737,54.60715],[-5.95737,54.60703],[-5.95733,54.60694],[-5.9573,54.60686],[-5.95708,54.60677],[-5.95707,54.60668],[-5.95723,54.60634],[-5.95744,54.60596],[-5.95756,54.60582],[-5.95765,54.60569],[-5.95777,54.60555],[-5.9579,54.60546],[-5.95791,54.60522],[-5.95794,54.60515],[-5.95801,54.60497]],"Connswater":[[-5.88958,54.59141],[-5.88967,54.59144],[-5.88976,54.59149],[-5.88981,54.59156],[-5.88989,54.59166],[-5.88992,54.59167],[-5.88996,54.59167],[-5.89,54.59164],[-5.89003,54.59159],[-5.89007,54.5915],[-5.89012,54.59147],[-5.89019,54.59147],[-5.89032,54.59148],[-5.89047,54.5915],[-5.89061,54.59156],[-5.891,54.59174],[-5.89119,54.59183],[-5.89177,54.59214],[-5.89206,54.59245],[-5.89238,54.59263],[-5.89285,54.59289],[-5.89358,54.5938],[-5.89384,54.59456],[-5.89385,54.5947],[-5.89385,54.59484],[-5.89383,54.59491],[-5.89378,54.59499],[-5.89373,54.59512],[-5.89364,54.59522],[-5.89353,54.59536],[-5.89338,54.59557],[-5.89329,54.59567],[-5.89318,54.59577],[-5.89298,54.59616],[-5.89282,54.59647],[-5.89265,54.59665],[-5.89242,54.59686],[-5.8921,54.59706],[-5.89158,54.5974],[-5.89133,54.59756],[-5.89119,54.59767],[-5.89108,54.59785],[-5.89094,54.59811],[-5.89011,54.59882],[-5.88991,54.5989],[-5.88957,54.59896],[-5.88891,54.59897],[-5.88844,54.59899],[-5.88805,54.59906],[-5.8878,54.59914],[-5.88757,54.59925],[-5.88744,54.5994],[-5.88737,54.59958],[-5.88741,54.59976],[-5.88749,54.59998],[-5.88759,54.60017],[-5.88766,54.60051],[-5.8877,54.60091],[-5.88773,54.60192],[-5.88774,54.60231],[-5.88793,54.60325],[-5.88793,54.60349],[-5.88786,54.60379],[-5.88766,54.6041],[-5.88732,54.60463],[-5.88728,54.60473],[-5.8873,54.60481],[-5.88775,54.60513],[-5.88823,54.60528],[-5.8916,54.60601],[-5.89205,54.60617],[-5.89226,54.60636],[-5.89241,54.60668],[-5.89235,54.60694],[-5.89204,54.60737],[-5.89165,54.60767],[-5.88732,54.61063],[-5.88716,54.61084],[-5.88718,54.61091],[-5.88733,54.61146],[-5.88804,54.61256]],"Lagan":[[-5.95406,54.54888],[-5.95438,54.54915],[-5.95445,54.54947],[-5.95444,54.54965],[-5.95443,54.55013],[-5.95423,54.55085],[-5.95392,54.55142],[-5.9536,54.55181],[-5.9526,54.5526],[-5.95244,54.55273],[-5.95208,54.55305],[-5.95179,54.55346],[-5.95179,54.55381],[-5.95195,54.5546],[-5.952,54.55499],[-5.95193,54.55527],[-5.95176,54.55542],[-5.95159,54.5555],[-5.95136,54.55553],[-5.95114,54.55554],[-5.95088,54.55551],[-5.95073,54.55547],[-5.94942,54.55504],[-5.94896,54.55476],[-5.94847,54.55458],[-5.94798,54.55451],[-5.94731,54.55454],[-5.94648,54.55462],[-5.94587,54.55459],[-5.94545,54.55448],[-5.94436,54.55392],[-5.94378,54.5535],[-5.94357,54.55325],[-5.9435,54.55317],[-5.94333,54.55311],[-5.94311,54.55307],[-5.94271,54.55311],[-5.9422,54.55324],[-5.94179,54.5534],[-5.94143,54.55358],[-5.9412,54.55379],[-5.94106,54.55403],[-5.94105,54.55424],[-5.94115,54.55441],[-5.94142,54.55461],[-5.94216,54.55507],[-5.94237,54.55526],[-5.94242,54.55537],[-5.9424,54.5555],[-5.94229,54.55565],[-5.94154,54.55619],[-5.94046,54.55686],[-5.94034,54.55694],[-5.93946,54.5574],[-5.93857,54.55776],[-5.93823,54.55788],[-5.93803,54.55791],[-5.9378,54.5579],[-5.93692,54.55776],[-5.9362,54.55761],[-5.93586,54.55758],[-5.93494,54.55763],[-5.93344,54.55774],[-5.93165,54.5578],[-5.93021,54.55796],[-5.92947,54.55839],[-5.92972,54.55945],[-5.92996,54.5598],[-5.93032,54.55994],[-5.93152,54.56],[-5.93271,54.56009],[-5.93286,54.5602],[-5.9329,54.56037],[-5.93275,54.56076],[-5.9327,54.56087],[-5.93258,54.56115],[-5.93247,54.5614],[-5.93249,54.5615],[-5.93254,54.56157],[-5.93269,54.56176],[-5.93306,54.56209],[-5.93371,54.56241],[-5.93396,54.56253],[-5.9343,54.56282],[-5.93448,54.56303],[-5.93454,54.56309],[-5.93462,54.56334],[-5.93455,54.56344],[-5.93441,54.5635],[-5.93396,54.5636],[-5.93302,54.56362],[-5.93237,54.56364],[-5.93165,54.56371],[-5.93127,54.56378],[-5.93092,54.56381],[-5.93057,54.56375],[-5.93044,54.56373],[-5.93008,54.56362],[-5.92958,54.5635],[-5.92929,54.56348],[-5.92901,54.56355],[-5.92886,54.56362],[-5.92817,54.56395],[-5.92763,54.56409],[-5.92711,54.56419],[-5.92695,54.5643],[-5.92689,54.56452],[-5.92687,54.56469],[-5.92687,54.56477],[-5.92695,54.56497],[-5.92709,54.56517],[-5.92785,54.56595],[-5.92852,54.56709],[-5.92861,54.56759],[-5.92856,54.56788],[-5.92849,54.56816],[-5.92824,54.56835],[-5.9279,54.56855],[-5.92739,54.5686],[-5.92734,54.5686],[-5.92719,54.56861],[-5.92673,54.56864],[-5.9258,54.56869],[-5.92537,54.56879],[-5.92527,54.56908],[-5.92533,54.56942],[-5.9255,54.56971],[-5.92596,54.5701],[-5.92687,54.57072],[-5.92753,54.57135],[-5.92815,54.572],[-5.92889,54.57255],[-5.92979,54.57343],[-5.93052,54.57446],[-5.93079,54.57493],[-5.93093,54.57516],[-5.931,54.57541],[-5.93101,54.57554],[-5.931,54.57567],[-5.93092,54.57589],[-5.93069,54.57613],[-5.93036,54.57634],[-5.92902,54.577],[-5.928,54.57755],[-5.92774,54.57787],[-5.92775,54.57836],[-5.92797,54.57896],[-5.92805,54.57944],[-5.92788,54.58004],[-5.92749,54.58055],[-5.92679,54.58108],[-5.92532,54.58184],[-5.92348,54.58253],[-5.92176,54.58296],[-5.92108,54.58307],[-5.92058,54.58324],[-5.9201,54.58352],[-5.91954,54.58406],[-5.91913,54.58475],[-5.9189,54.58561],[-5.9188,54.58652],[-5.91896,54.58743],[-5.91922,54.58871],[-5.91958,54.5897],[-5.91922,54.59084],[-5.91764,54.59226],[-5.91643,54.59318],[-5.91441,54.59396],[-5.91314,54.59464],[-5.91289,54.59534],[-5.91293,54.59632],[-5.91356,54.59679],[-5.91482,54.59718],[-5.91822,54.59792],[-5.91914,54.59833],[-5.9199,54.59881],[-5.92012,54.59896],[-5.92031,54.59914],[-5.92045,54.59942],[-5.92042,54.60008],[-5.92029,54.60115],[-5.92018,54.60199],[-5.91969,54.60281],[-5.91909,54.6036],[-5.91656,54.60598],[-5.91268,54.60893],[-5.90931,54.61135],[-5.90809,54.61228],[-5.89413,54.62287],[-5.88699,54.62766]]}